userid,country
69,Canada
186,United States
304,United States
501,Australia
589,United States
734,United States
822,South Africa
870,United States
963,United Kingdom
1094,United States
1201,United States
1307,United States
1372,United States
1433,United States
1574,United States
1686,Norway
1837,United States
1923,Canada
2033,United States
2136,United States
2218,United States
2379,United States
2450,United States
2575,United States
2746,France
2883,United States
3060,United Kingdom
3363,France
3565,United States
3741,France
4029,France
4243,United States
4410,United States
4571,United States
4794,United States
4906,Philippines
5005,France
5163,Germany
5345,United States
5901,United Kingdom
6229,United States
6353,United States
6450,Canada
6591,United States
6712,United States
6998,Japan
7164,Austria
7401,United States
7733,Canada
8339,France
8745,Japan
8942,France
9257,France
9433,France
9552,Japan
9725,United States
9810,United States
9975,France
10146,United States
10405,United States
10695,United Kingdom
10883,Panama
11090,Spain
11248,Canada
11397,United States
11570,United States
11687,United States
11841,France
11963,United States
12085,Brazil
12307,United States
12384,United States
12523,United States
12848,Spain
13057,United States
13259,France
13540,United States
13770,Australia
13858,Germany
14143,United States
14386,United States
14582,France
14654,France
14753,Spain
14929,United Kingdom
15244,Canada
15517,United States
15748,Australia
16026,United Kingdom
16236,Japan
16381,United States
16479,Guatemala
16596,United Kingdom
16757,Canada
17144,United States
17477,United States
17923,United States
18120,Italy
18239,United States
18357,India
18634,United States
18828,United States
19078,France
19303,United States
19519,France
19634,United States
19861,United States
20046,United States
20293,United States
20557,United States
20867,United Kingdom
21110,United States
21274,United States
21772,United States
22198,United States
22587,United States
23022,Australia
23527,United States
24161,United States
24553,France
25046,United States
25294,Belgium
26185,United States
26727,Canada
27057,United States
27770,Australia
28497,United States
29270,India
29887,United States
30675,United States
31043,United States
31856,France
32067,United Kingdom
32536,United States
32764,Netherlands
32941,Finland
33289,Netherlands
34655,United States
35810,Canada
35985,France
36585,United States
37306,Australia
38065,United States
38475,Canada
39175,Philippines
39638,United States
40513,United States
41156,Japan
41914,United Arab Emirates
42648,United States
43368,United Kingdom
44077,United States
44653,United States
45383,France
45712,United Kingdom
46049,United States
46614,United States
47109,United Kingdom
47489,Japan
47719,United States
47948,France
48244,United States
48650,France
49128,United States
49695,United States
50230,United States
50934,Spain
51185,United States
51515,United States
51938,United States
52546,United States
52844,United States
53320,France
53871,United States
54131,United States
54441,Germany
54641,United States
55257,Canada
55513,United States
55879,United States
56438,United States
56978,United States
57252,United States
57566,United States
57877,Belgium
58242,United States
58445,United States
58836,United States
59208,Finland
59412,United States
59670,Austria
59910,United States
60068,United States
60364,Brazil
60551,France
61031,United States
61390,Japan
61939,United States
62651,Colombia
63338,Ireland
64074,Spain
64775,United States
65190,United States
65658,United States
65911,United States
66170,Spain
66317,Ireland
66407,Chile
66551,United States
66628,United States
66764,United States
66846,Spain
67057,United States
67167,United States
67300,United Kingdom
67507,United States
67628,United States
67752,United States
68016,United Kingdom
68177,United Kingdom
68292,United States
68527,United States
68703,United States
69043,United States
69190,United Kingdom
69506,United Kingdom
69745,Canada
70222,United Kingdom
70541,Canada
70888,United States
71056,France
71453,Canada
71773,Canada
72174,United States
72450,United States
72914,United States
73192,Japan
73853,United States
74225,United States
74394,United States
74590,Austria
74783,United States
75123,United Kingdom
75348,United States
75628,United States
128,Singapore
252,United States
448,United States
521,United States
668,United States
789,United States
855,United States
941,United States
1077,United States
1158,United States
1239,Canada
1340,United States
1405,United States
1546,United States
1652,United States
1825,United States
1859,United States
2001,United Kingdom
2119,United States
2184,United States
2262,United States
2432,United States
2532,Belgium
2675,United States
2827,United Kingdom
3010,Switzerland
3252,France
3556,Ireland
3642,United Kingdom
3904,United States
4201,Germany
4306,Germany
4509,United States
4684,France
4875,United States
4970,New Zealand
5107,United States
5297,France
5426,United Kingdom
6174,United States
6297,United States
6428,United States
6544,United States
6681,United States
6982,United States
7141,United States
7331,Canada
7580,Canada
8130,United States
8692,France
8902,United States
9197,United States
9329,France
9486,United Kingdom
9643,United Arab Emirates
9777,United States
9897,France
10036,Germany
10256,United States
10478,United States
10796,Australia
11017,Japan
11195,Netherlands
11344,United Kingdom
11501,United States
11623,Canada
11784,France
11939,United States
12035,Estonia
12225,United Kingdom
12364,United Kingdom
12452,United States
12782,United States
12954,Spain
13146,United States
13444,United States
13612,United States
13838,United States
14060,United States
14318,Philippines
14469,United States
14603,United States
14718,United States
14823,United States
15145,United States
15379,Germany
15666,United Kingdom
15902,United States
16150,United States
16315,United States
16416,Australia
16574,United States
16718,United States
17123,United States
17382,India
17878,United States
18059,United States
18201,United States
18284,Japan
18497,France
18745,United States
19009,Japan
19196,United States
19494,France
19614,South Africa
19809,Canada
19959,United States
20258,United States
20510,France
20777,United States
21015,United Kingdom
21197,United States
21337,United States
22015,United States
22540,France
22960,United States
23322,United States
23896,France
24372,United States
25003,United States
25251,United States
25963,United States
26499,Canada
26896,United States
27411,France
28055,France
28828,Canada
29496,United States
30402,Australia
30954,United States
31454,United Kingdom
31947,France
32443,United States
32702,United Kingdom
32891,United States
33115,France
34205,Canada
35104,United States
35913,United States
36327,United States
36916,United States
37931,United States
38309,United Kingdom
38926,United States
39598,Philippines
40128,United States
40838,Canada
41561,Ireland
42409,Japan
43245,United Kingdom
43694,Canada
44413,Canada
44938,United States
45584,Japan
45876,United Kingdom
46480,United States
46890,Belgium
47346,Faroe Islands
47615,France
47867,United States
48179,Japan
48531,United States
48908,United States
49513,Canada
49927,United States
50561,Canada
51008,United States
51435,Australia
51761,United States
52198,Australia
52729,United States
53165,United Kingdom
53816,United States
53986,Malaysia
54367,United States
54552,United States
55058,United States
55456,United States
55553,United States
56235,Canada
56818,United States
57121,United States
57502,United States
57703,United States
58185,United States
58378,United States
58691,United States
59043,Canada
59305,France
59501,United States
59846,United States
60011,Australia
60342,United States
60504,United States
60838,Norway
61258,Germany
61731,Canada
62570,France
63089,United States
63769,United States
64659,United States
65061,Spain
65383,United States
65849,Australia
66138,Ireland
66266,Japan
66368,United States
66496,United States
66594,United States
66738,United States
66822,United States
66974,United Kingdom
67113,United States
67221,United Kingdom
67367,United Kingdom
67607,United States
67714,United Kingdom
67878,Spain
68114,United States
68238,Canada
68432,United States
68658,United States
68885,Germany
69147,United States
69385,United States
69703,United States
70024,United States
70459,Argentina
70684,United States
71020,United Kingdom
71226,United States
71597,United Kingdom
72066,Spain
72256,United States
72664,United States
73083,Japan
73467,United States
74102,United States
74336,United States
74503,United States
74720,United Kingdom
74948,United States
75257,United States
75446,United States
75881,United Kingdom
76198,United States
76372,United States
76770,United States
76930,United States
77325,Ireland
77646,United States
77994,United Kingdom
78347,United States
78550,United States
78915,United States
79137,United States
79364,United States
79536,United States
79775,France
79963,Belgium
80284,United States
80398,United States
80665,United States
80883,United States
81057,United States
81252,Mexico
81560,United States
81950,Colombia
82249,Ireland
82636,United States
82792,United States
82872,United States
83053,United States
83191,Japan
83558,United States
83694,United States
83880,United Kingdom
84019,United States
84105,Indonesia
84210,Netherlands
84474,Poland
84743,Canada
84824,France
84962,United States
85059,Singapore
85153,United States
85325,United States
85515,United States
85745,Netherlands
86031,Canada
86178,United States
86356,Japan
86475,United States
86560,United States
86704,France
86939,United Kingdom
87086,United States
87163,France
87333,United States
87450,Japan
87564,Netherlands
87637,United Kingdom
87853,Canada
88090,United States
88205,United States
88341,United Kingdom
88402,Argentina
88604,France
88777,United States
88922,United Kingdom
89049,United Kingdom
89384,New Zealand
89463,United States
89609,United States
89831,United States
90071,Switzerland
90275,Greece
90431,United States
90521,United Kingdom
90639,United States
90729,United States
90885,United States
91188,Japan
91361,United States
91441,United States
91579,France
91745,United States
91884,France
92061,Canada
92224,United States
92318,United States
92408,Sweden
92628,Georgia
92814,Australia
92954,United States
92999,United States
93070,Spain
93298,United States
93398,United Kingdom
93533,India
93639,United States
93723,Croatia (LOCAL Name: Hrvatska)
93897,United States
94018,United States
94221,United States
94320,United States
94405,Japan
94490,United States
94682,Belgium
94886,United States
95064,United Kingdom
95318,United States
95402,Japan
95522,Philippines
95661,United States
95748,Netherlands
95829,Japan
95918,United Kingdom
96021,United Kingdom
96141,United States
96250,United Kingdom
96400,United States
96565,United States
96732,United States
96872,United States
97117,Argentina
97234,United States
97330,Canada
97440,United States
97628,United States
97729,United States
97882,United States
98101,Canada
98285,United Kingdom
98475,United States
98637,United Kingdom
98904,United States
99107,Canada
99207,Japan
99369,United States
99488,France
99726,Netherlands
99886,France
100034,United States
100170,United States
100277,United States
100400,Canada
100548,United States
100645,Canada
100795,United States
100985,United Kingdom
101112,United States
101327,United States
101448,United States
101569,Spain
101678,United States
101801,Japan
101924,United States
102056,United States
102220,United States
102416,Belgium
102568,Belgium
102765,Spain
102911,United States
103090,United States
103295,United States
103389,United States
103493,United States
103670,United States
103769,Italy
103869,United States
104012,United States
104203,United States
104342,United States
104448,United States
104554,Japan
104737,United States
104946,Brazil
105176,United States
105307,Netherlands
105393,United States
105509,United States
105600,United States
105778,United States
105954,United States
106159,United States
106353,United States
106451,Poland
106618,United States
106765,Canada
106848,Ireland
106979,United Kingdom
107089,Ireland
107292,United States
107418,United States
107583,United States
107689,Canada
107932,United States
108060,France
108182,Japan
108300,New Zealand
108428,United States
108582,Belgium
108691,Japan
108945,United States
109135,Japan
109265,United States
109375,United Kingdom
109540,United States
109698,Japan
109805,United Kingdom
109996,Japan
110222,Spain
110342,United States
110423,Ireland
110456,United States
110603,United States
110713,Netherlands
110931,Italy
111417,United States
111658,United Kingdom
111854,United States
111991,United States
112175,United States
112411,Australia
112554,United States
112657,Japan
112913,Spain
113106,Canada
113215,United States
113346,United States
113449,United States
113739,United States
113893,United States
114005,United States
114166,Australia
114266,United States
114396,United States
114566,Italy
114734,Sweden
114842,United States
115035,United States
115123,United States
115334,United States
115457,United States
115553,United States
115697,United States
115802,United States
88,Netherlands
214,United States
332,United States
503,United States
599,United States
735,Australia
830,United States
901,United States
965,United States
1102,Singapore
1213,United States
1310,United States
1378,United States
1487,Sweden
1575,United States
1730,United States
1841,Belgium
1974,Canada
2041,Ireland
2145,United States
2219,United States
2384,United States
2480,France
2594,United States
2772,Ireland
2890,Germany
3066,United States
3369,United Kingdom
3604,United States
3743,France
4035,United Kingdom
4255,United States
4457,South Africa
4592,United States
4809,United Kingdom
4908,United States
5013,United States
5204,Japan
5370,United States
6045,United States
6237,United States
6355,United States
6451,United States
6622,United States
6723,United States
7024,United Kingdom
7227,France
7414,France
7948,United Kingdom
8356,France
8758,United Kingdom
8955,United Kingdom
9264,France
9448,United States
9570,Japan
9749,United States
9827,United States
9976,Spain
10148,United States
10439,United States
10718,Canada
10891,United States
11120,Australia
11252,United States
11411,United States
11587,United States
11706,United States
11842,Germany
11966,United States
12093,United States
12315,United States
12395,United States
12566,United States
12849,France
13066,Chile
13286,Argentina
13541,United States
13789,United States
13872,France
14157,United States
14432,United States
14588,Italy
14670,United States
14764,United States
14943,United Kingdom
15287,United Kingdom
15571,Japan
15754,United States
16027,Italy
16266,United Kingdom
16385,United States
16482,United States
16619,United States
17006,Canada
17239,Canada
17550,United States
18011,United Kingdom
18136,Italy
18245,United States
18364,United States
18636,United States
18873,France
19095,United States
19437,United States
19539,United Kingdom
19641,United States
19911,United States
20087,United States
20317,United States
20712,United States
20901,United States
21134,United States
21285,United States
21831,United States
22219,United States
22648,Canada
23034,France
23729,United Kingdom
24242,Philippines
24646,United States
25068,United States
25569,United Kingdom
26193,Canada
26848,United States
27161,United Kingdom
27801,United States
28666,United Kingdom
29316,United States
30057,United States
30698,United States
31066,United States
31862,United States
32125,United States
32541,Canada
32776,India
32975,United States
33511,United States
34660,United States
35819,United Kingdom
36026,Italy
36652,United States
37405,France
38175,United States
38508,United States
39370,United States
39688,United States
40583,Australia
41414,Philippines
41925,France
42708,United States
43389,Australia
44143,United Kingdom
44798,India
45388,United Kingdom
45729,Canada
46254,France
46709,Ireland
47111,United States
47504,Netherlands
47738,United States
48008,United States
48286,United States
48657,United States
49215,United States
49812,United States
50238,Canada
50938,United Kingdom
51203,United States
51681,United States
52017,Spain
52574,Canada
53003,Canada
53506,United States
53872,United States
54300,United States
54470,United States
54683,United States
55303,Germany
55518,United States
56127,United States
56515,United States
57001,United States
57299,Japan
57571,Canada
57979,United States
58249,Spain
58492,United States
58905,Japan
59227,United States
59418,United States
59733,United States
59913,United States
60072,United Kingdom
60435,United Kingdom
60684,Argentina
61087,United States
61408,United States
62135,Argentina
62721,United States
63347,Chile
64101,Colombia
64795,United States
65259,Singapore
65706,United States
65935,United States
66221,United Kingdom
66322,United States
66408,United Kingdom
66570,United Kingdom
66631,United States
66767,Singapore
66875,United Kingdom
67074,United States
67174,United Kingdom
67341,United Kingdom
67529,United States
67642,United States
67788,United States
68031,United States
68182,United Kingdom
68300,United States
68551,United States
68713,United States
69047,United States
69216,Argentina
69601,United States
69841,United States
70227,Spain
70605,United States
70921,United Kingdom
71078,France
71549,United States
71795,Spain
72201,Chile
72484,United States
72955,United States
73275,United States
73866,Argentina
74231,United Kingdom
74432,United States
74603,United States
74808,France
75140,United States
75355,United States
75729,United States
76044,United States
76252,United Kingdom
76472,United States
76830,United States
77131,Spain
77418,United States
77893,United States
78110,United States
78469,United States
78722,United States
79090,Canada
79188,United States
79416,United States
79651,United States
79925,Canada
80053,United States
80327,United States
80503,United States
80709,Greece
80967,Morocco
81119,United States
81341,United States
